<?xml version="1.0" encoding="UTF-8" ?>
<FlexiPage xmlns="http://soap.sforce.com/2006/04/metadata">
    <flexiPageRegions>
        <itemInstances>
            <componentInstance>
                <componentName>barcodeScanner</componentName>
                <identifier>c_barcodeScanner</identifier>
            </componentInstance>
        </itemInstances>
        <itemInstances>
            <componentInstance>
                <componentName>propertyFilter</componentName>
                <identifier>propertyFilter</identifier>
            </componentInstance>
        </itemInstances>
        <name>left</name>
        <type>Region</type>
    </flexiPageRegions>
    <flexiPageRegions>
        <itemInstances>
            <componentInstance>
                <componentName>auraPropertyListMap</componentName>
                <identifier>auraPropertyListMap</identifier>
            </componentInstance>
        </itemInstances>
        <name>center</name>
        <type>Region</type>
    </flexiPageRegions>
    <flexiPageRegions>
        <itemInstances>
            <componentInstance>
                <componentName>propertySummary</componentName>
                <identifier>propertySummary</identifier>
            </componentInstance>
        </itemInstances>
        <itemInstances>
            <componentInstance>
                <componentName>daysOnMarket</componentName>
                <identifier>daysOnMarket</identifier>
            </componentInstance>
        </itemInstances>
        <name>right</name>
        <type>Region</type>
    </flexiPageRegions>
    <masterLabel>Property Finder</masterLabel>
    <template>
        <name>pageTemplate_2_7_3</name>
    </template>
    <type>AppPage</type>
</FlexiPage>
